{"step_train_loss": 0.10434810817241669, "train_step": 1582, "learning_rate": 0.0005997080432268098, "_timestamp": 1654935338, "_runtime": 273, "_step": 1582}