{"step_train_loss": 2.2475061416625977, "train_step": 7, "learning_rate": 8.481292627175893e-05, "_timestamp": 1654669029, "_runtime": 497, "_step": 7}