{"step_train_loss": 5.673943042755127, "train_step": 0, "learning_rate": 3.624079078589404e-06, "_timestamp": 1654862482, "_runtime": 38, "_step": 0}