{"step_train_loss": 0.05575039982795715, "train_step": 5649, "learning_rate": 5.9999999999999995e-05, "_timestamp": 1654676294, "_runtime": 1886, "_step": 5659, "epoch_valid_loss": 0.05029116840340382, "epoch_train_loss": 0.05310093616753553, "epoch": 10}